id,dataset,source_file,source_line_no,question,correct_answer,gold_topic_id,gold_topic_name,gold_coarse_id,gold_coarse_name,gold_reason,embedding_topic_id,embedding_topic_name,embedding_coarse_id,embedding_coarse_name,embedding_model,embedding_matched,embedding_topic_id_match,embedding_topic_name_match,embedding_coarse_id_match,embedding_coarse_name_match,nli_topic_id,nli_topic_name,nli_coarse_id,nli_coarse_name,nli_model,nli_matched,nli_topic_id_match,nli_topic_name_match,nli_coarse_id_match,nli_coarse_name_match
gold_000001,CyberMetric,data/raw/huggingface/CyberMetric/CyberMetric-10000-v1.jsonl,720,What is the primary advantage of using multicast traffic?,A,SCLC00801,Infrastructure protection,SLCA005,Network & secure comms,Multicast traffic is a network infrastructure concept related to efficient data delivery across network systems.,SCLC00801,Infrastructure protection,SLCA005,Network & secure comms,MoritzLaurer/deberta-v3-large-zeroshot-v2.0,yes,yes,yes,yes,yes,SCLC02801,Other,SLCA008,Other,sknow-lab/Qwen2.5-14B-CIC-ACLARC,yes,no,no,no,no
gold_000002,CyberMetric,data/raw/huggingface/CyberMetric/CyberMetric-10000-v1.jsonl,244,What is the primary purpose of the scripting engine in nmap?,A,SCLC00801,Infrastructure protection,SLCA005,Network & secure comms,Nmap scripting engine relates to network scanning and infrastructure reconnaissance tools used in security assessments.,SCLC02801,Other,SLCA008,Other,MoritzLaurer/deberta-v3-large-zeroshot-v2.0,yes,no,no,no,no,SCLC02601,Remote/Traveling security,SLCA007,Applications & workplace,sknow-lab/Qwen2.5-14B-CIC-ACLARC,yes,no,no,no,no
gold_000003,CyberMetric,data/raw/huggingface/CyberMetric/CyberMetric-10000-v1.jsonl,571,What does the 'more eyeballs' principle imply in the context of open source software?,A,SCLC01601,General theory,SLCA001,Fundamentals & governance,The 'more eyeballs' principle is an abstract security theory concept about open source code review reducing vulnerabilities.,SCLC02601,Remote/Traveling security,SLCA007,Applications & workplace,MoritzLaurer/deberta-v3-large-zeroshot-v2.0,yes,no,no,no,no,SCLC02801,Other,SLCA008,Other,sknow-lab/Qwen2.5-14B-CIC-ACLARC,yes,no,no,no,no
gold_000004,CyberMetric,data/raw/huggingface/CyberMetric/CyberMetric-10000-v1.jsonl,629,How are random bit strings obtained for the generation of cryptographic keys?,A,SCLC00701,Foundational concepts,SLCA001,Fundamentals & governance,"The question covers core cryptographic key generation concepts, specifically random bit generation methods fundamental to security.",SCLC02801,Other,SLCA008,Other,MoritzLaurer/deberta-v3-large-zeroshot-v2.0,yes,no,no,no,no,SCLC02801,Other,SLCA008,Other,sknow-lab/Qwen2.5-14B-CIC-ACLARC,yes,no,no,no,no
gold_000005,CyberMetric,data/raw/huggingface/CyberMetric/CyberMetric-10000-v1.jsonl,1142,What is a characteristic of a security program at maturity mevel 3?,A,SCLC01601,General theory,SLCA001,Fundamentals & governance,"The question addresses security maturity model levels, which is abstract security framework theory.",SCLC02601,Remote/Traveling security,SLCA007,Applications & workplace,MoritzLaurer/deberta-v3-large-zeroshot-v2.0,yes,no,no,no,no,SCLC00401,General hygiene,SLCA004,Defensive controls & hygiene,sknow-lab/Qwen2.5-14B-CIC-ACLARC,yes,no,no,no,no
gold_000006,CyberMetric,data/raw/huggingface/CyberMetric/CyberMetric-10000-v1.jsonl,299,"When attempting privilege escalation on a Linux system, what is the role of the 'escalate' program?",A,SCLC00901,Authentication/Authorization,SLCA002,Identity & access,Privilege escalation directly involves bypassing authorization controls to gain elevated access permissions on a system.,SCLC00301,Defensive measures,SLCA004,Defensive controls & hygiene,MoritzLaurer/deberta-v3-large-zeroshot-v2.0,yes,no,no,no,no,SCLC00801,Infrastructure protection,SLCA005,Network & secure comms,sknow-lab/Qwen2.5-14B-CIC-ACLARC,yes,no,no,no,no
gold_000007,CyberMetric,data/raw/huggingface/CyberMetric/CyberMetric-10000-v1.jsonl,1258,"In the realm of business continuity planning, which capability of quantum computing is likely to assist in disaster response management?",A,SCLC01901,Backups & recovery,SLCA004,Defensive controls & hygiene,"The question addresses business continuity planning and disaster response management, which falls under resilience and recovery topics.",SCLC00801,Infrastructure protection,SLCA005,Network & secure comms,MoritzLaurer/deberta-v3-large-zeroshot-v2.0,yes,no,no,no,no,SCLC02801,Other,SLCA008,Other,sknow-lab/Qwen2.5-14B-CIC-ACLARC,yes,no,no,no,no
gold_000008,CyberMetric,data/raw/huggingface/CyberMetric/CyberMetric-10000-v1.jsonl,1520,Which protocol is used for sending e-mail messages between servers?,A,SCLC00202,Email,SLCA003,Human & social threats,"The question is about SMTP, the protocol used for sending email messages between servers.",SCLC01001,Regulatory/Legal,SLCA001,Fundamentals & governance,MoritzLaurer/deberta-v3-large-zeroshot-v2.0,yes,no,no,no,no,SCLC02801,Other,SLCA008,Other,sknow-lab/Qwen2.5-14B-CIC-ACLARC,yes,no,no,no,no
gold_000009,mmlu/computer_security,data/raw/huggingface/mmlu/computer_security/test.jsonl,4,"In Message Condentiality, the transmitted message must make sense to only intended",A,SCLC02201,Secure communication,SLCA005,Network & secure comms,"Message confidentiality ensures transmitted data is readable only by the intended receiver, a core secure communication concept.",SCLC02801,Other,SLCA008,Other,MoritzLaurer/deberta-v3-large-zeroshot-v2.0,yes,no,no,no,no,SCLC02801,Other,SLCA008,Other,sknow-lab/Qwen2.5-14B-CIC-ACLARC,yes,no,no,no,no
gold_000010,CyberMetric,data/raw/huggingface/CyberMetric/CyberMetric-10000-v1.jsonl,698,Which DH group number is considered not NIST-approved?,A,SCLC01202,SSL certificates,SLCA005,Network & secure comms,Diffie-Hellman groups relate to key exchange in TLS/SSL cryptographic protocols and certificate-based transport security.,SCLC01001,Regulatory/Legal,SLCA001,Fundamentals & governance,MoritzLaurer/deberta-v3-large-zeroshot-v2.0,yes,no,no,no,no,SCLC01001,Regulatory/Legal,SLCA001,Fundamentals & governance,sknow-lab/Qwen2.5-14B-CIC-ACLARC,yes,no,no,no,no
gold_000011,CyberMetric,data/raw/huggingface/CyberMetric/CyberMetric-10000-v1.jsonl,576,Which fundamental security issue is critical for a modern operating system to handle in a multi-user environment?,A,SCLC00701,Foundational concepts,SLCA001,Fundamentals & governance,Memory protection in multi-user OS environments is a core foundational security concept covering isolation and access control principles.,SCLC00801,Infrastructure protection,SLCA005,Network & secure comms,MoritzLaurer/deberta-v3-large-zeroshot-v2.0,yes,no,no,no,no,SCLC02801,Other,SLCA008,Other,sknow-lab/Qwen2.5-14B-CIC-ACLARC,yes,no,no,no,no
gold_000012,CyberMetric,data/raw/huggingface/CyberMetric/CyberMetric-10000-v1.jsonl,71,What is the loopback address in IPv6?,A,SCLC00701,Foundational concepts,SLCA001,Fundamentals & governance,IPv6 loopback address is a core networking/security vocabulary concept.,SCLC00801,Infrastructure protection,SLCA005,Network & secure comms,MoritzLaurer/deberta-v3-large-zeroshot-v2.0,yes,no,no,no,no,SCLC02801,Other,SLCA008,Other,sknow-lab/Qwen2.5-14B-CIC-ACLARC,yes,no,no,no,no
gold_000013,CyberMetric,data/raw/huggingface/CyberMetric/CyberMetric-10000-v1.jsonl,925,What is the primary purpose of federated identity management?,A,SCLC00901,Authentication/Authorization,SLCA002,Identity & access,Federated identity management is a cross-domain authentication and access control concept involving identity sharing across systems.,SCLC01001,Regulatory/Legal,SLCA001,Fundamentals & governance,MoritzLaurer/deberta-v3-large-zeroshot-v2.0,yes,no,no,no,no,SCLC02801,Other,SLCA008,Other,sknow-lab/Qwen2.5-14B-CIC-ACLARC,yes,no,no,no,no
gold_000014,CyberMetric,data/raw/huggingface/CyberMetric/CyberMetric-10000-v1.jsonl,1024,What is the purpose of the Security Parameters Index (SPI) in IPsec?,A,SCLC00701,Foundational concepts,SLCA001,Fundamentals & governance,"The question asks about IPsec SPI functionality, a core network security protocol concept and vocabulary.",SCLC02501,Behavioral security,SLCA003,Human & social threats,MoritzLaurer/deberta-v3-large-zeroshot-v2.0,yes,no,no,no,no,SCLC02801,Other,SLCA008,Other,sknow-lab/Qwen2.5-14B-CIC-ACLARC,yes,no,no,no,no
gold_000015,CyberMetric,data/raw/huggingface/CyberMetric/CyberMetric-10000-v1.jsonl,1211,Which framework is primarily concerned with audit measures and points that can be measured and demonstrated?,A,SCLC01001,Regulatory/Legal,SLCA001,Fundamentals & governance,"The question addresses compliance frameworks (ISO 27001, COBIT, Common Criteria) focused on audit measures and demonstrable controls.",SCLC01001,Regulatory/Legal,SLCA001,Fundamentals & governance,MoritzLaurer/deberta-v3-large-zeroshot-v2.0,yes,yes,yes,yes,yes,SCLC02801,Other,SLCA008,Other,sknow-lab/Qwen2.5-14B-CIC-ACLARC,yes,no,no,no,no
gold_000016,CyberMetric,data/raw/huggingface/CyberMetric/CyberMetric-10000-v1.jsonl,267,What is the main purpose of server enumeration in the context of cybersecurity?,A,SCLC00701,Foundational concepts,SLCA001,Fundamentals & governance,Server enumeration is a core cybersecurity reconnaissance concept involving identifying active services and extracting information.,SCLC02801,Other,SLCA008,Other,MoritzLaurer/deberta-v3-large-zeroshot-v2.0,yes,no,no,no,no,SCLC00401,General hygiene,SLCA004,Defensive controls & hygiene,sknow-lab/Qwen2.5-14B-CIC-ACLARC,yes,no,no,no,no
gold_000017,CyberMetric,data/raw/huggingface/CyberMetric/CyberMetric-10000-v1.jsonl,732,What is the purpose of Perfect Forward Secrecy (PFS) in IPsec?,A,SCLC02201,Secure communication,SLCA005,Network & secure comms,"PFS in IPsec ensures session keys remain secure even if long-term keys are compromised, a core encrypted communication concept.",SCLC00301,Defensive measures,SLCA004,Defensive controls & hygiene,MoritzLaurer/deberta-v3-large-zeroshot-v2.0,yes,no,no,no,no,SCLC02801,Other,SLCA008,Other,sknow-lab/Qwen2.5-14B-CIC-ACLARC,yes,no,no,no,no
gold_000018,CyberMetric,data/raw/huggingface/CyberMetric/CyberMetric-10000-v1.jsonl,1541,What is a good practice for choosing a coding language for secure development?,A,SCLC02401,App security,SLCA007,Applications & workplace,Choosing a coding language for secure development directly relates to application-level security practices and vulnerabilities.,SCLC02501,Behavioral security,SLCA003,Human & social threats,MoritzLaurer/deberta-v3-large-zeroshot-v2.0,yes,no,no,no,no,SCLC02801,Other,SLCA008,Other,sknow-lab/Qwen2.5-14B-CIC-ACLARC,yes,no,no,no,no
gold_000019,CyberMetric,data/raw/huggingface/CyberMetric/CyberMetric-10000-v1.jsonl,418,"In a multitier application design, where is the business logic typically found?",A,SCLC02401,App security,SLCA007,Applications & workplace,Multitier application architecture and business logic placement are core application security and design concepts.,SCLC02801,Other,SLCA008,Other,MoritzLaurer/deberta-v3-large-zeroshot-v2.0,yes,no,no,no,no,SCLC02801,Other,SLCA008,Other,sknow-lab/Qwen2.5-14B-CIC-ACLARC,yes,no,no,no,no
gold_000020,mmlu/computer_security,data/raw/huggingface/mmlu/computer_security/test.jsonl,44,Which of the following are most vulnerable to injection attacks?,D,SCLC02401,App security,SLCA007,Applications & workplace,"SQL injection attacks target application-layer input handling, a core application security vulnerability.",SCLC01601,General theory,SLCA001,Fundamentals & governance,MoritzLaurer/deberta-v3-large-zeroshot-v2.0,yes,no,no,no,no,SCLC02801,Other,SLCA008,Other,sknow-lab/Qwen2.5-14B-CIC-ACLARC,yes,no,no,no,no
gold_000021,CyberMetric,data/raw/huggingface/CyberMetric/CyberMetric-10000-v1.jsonl,1536,What is the most important factor that affects the security concern in the design phase of a software development effort?,A,SCLC02401,App security,SLCA007,Applications & workplace,"The question addresses security considerations during the software development design phase, which is core to application security.",SCLC00701,Foundational concepts,SLCA001,Fundamentals & governance,MoritzLaurer/deberta-v3-large-zeroshot-v2.0,yes,no,no,no,no,SCLC02801,Other,SLCA008,Other,sknow-lab/Qwen2.5-14B-CIC-ACLARC,yes,no,no,no,no
gold_000022,CyberMetric,data/raw/huggingface/CyberMetric/CyberMetric-10000-v1.jsonl,364,"What type of attack uses Wireshark to capture network traffic, including radio headers, to gather information about wireless networks?",A,SCLC00801,Infrastructure protection,SLCA005,Network & secure comms,The question covers wireless network traffic capture and attack types targeting network infrastructure using packet analysis tools.,SCLC02801,Other,SLCA008,Other,MoritzLaurer/deberta-v3-large-zeroshot-v2.0,yes,no,no,no,no,SCLC02801,Other,SLCA008,Other,sknow-lab/Qwen2.5-14B-CIC-ACLARC,yes,no,no,no,no
gold_000023,CyberMetric,data/raw/huggingface/CyberMetric/CyberMetric-10000-v1.jsonl,583,What does UDP provide in terms of packet delivery?,A,SCLC00701,Foundational concepts,SLCA001,Fundamentals & governance,UDP packet delivery characteristics are core networking/security vocabulary and foundational protocol concepts.,SCLC00801,Infrastructure protection,SLCA005,Network & secure comms,MoritzLaurer/deberta-v3-large-zeroshot-v2.0,yes,no,no,no,no,SCLC02801,Other,SLCA008,Other,sknow-lab/Qwen2.5-14B-CIC-ACLARC,yes,no,no,no,no
gold_000024,CyberMetric,data/raw/huggingface/CyberMetric/CyberMetric-10000-v1.jsonl,841,What is the purpose of optimal asymmetric encryption padding (OAEP) in RSA?,A,SCLC00701,Foundational concepts,SLCA001,Fundamentals & governance,OAEP in RSA is a core cryptographic concept covering encryption padding schemes and security principles.,SCLC00801,Infrastructure protection,SLCA005,Network & secure comms,MoritzLaurer/deberta-v3-large-zeroshot-v2.0,yes,no,no,no,no,SCLC02801,Other,SLCA008,Other,sknow-lab/Qwen2.5-14B-CIC-ACLARC,yes,no,no,no,no
gold_000025,CyberMetric,data/raw/huggingface/CyberMetric/CyberMetric-10000-v1.jsonl,1033,What is used to perform modular exponentiation using fast algorithms in Sage?,A,SCLC00701,Foundational concepts,SLCA001,Fundamentals & governance,Modular exponentiation in Sage relates to core cryptographic/mathematical concepts fundamental to security algorithms.,SCLC02301,Professional perspective,SLCA001,Fundamentals & governance,MoritzLaurer/deberta-v3-large-zeroshot-v2.0,yes,no,no,yes,yes,SCLC02801,Other,SLCA008,Other,sknow-lab/Qwen2.5-14B-CIC-ACLARC,yes,no,no,no,no
gold_000026,CyberMetric,data/raw/huggingface/CyberMetric/CyberMetric-10000-v1.jsonl,774,What is the main objective of attacking an encryption system?,A,SCLC01601,General theory,SLCA001,Fundamentals & governance,"The question addresses abstract cryptographic attack objectives, a core theoretical concept in security.",SCLC00301,Defensive measures,SLCA004,Defensive controls & hygiene,MoritzLaurer/deberta-v3-large-zeroshot-v2.0,yes,no,no,no,no,SCLC02801,Other,SLCA008,Other,sknow-lab/Qwen2.5-14B-CIC-ACLARC,yes,no,no,no,no
gold_000027,CyberMetric,data/raw/huggingface/CyberMetric/CyberMetric-10000-v1.jsonl,1278,"Which of the following refers to who, what, when, where, and how of the collected evidence over its entire life span?",A,SCLC00701,Foundational concepts,SLCA001,Fundamentals & governance,Chain of custody is a core forensic/security concept tracking evidence handling throughout its lifecycle.,SCLC01001,Regulatory/Legal,SLCA001,Fundamentals & governance,MoritzLaurer/deberta-v3-large-zeroshot-v2.0,yes,no,no,yes,yes,SCLC02801,Other,SLCA008,Other,sknow-lab/Qwen2.5-14B-CIC-ACLARC,yes,no,no,no,no
gold_000028,CyberMetric,data/raw/huggingface/CyberMetric/CyberMetric-10000-v1.jsonl,277,What does SNMPv1 use for authentication?,A,SCLC00901,Authentication/Authorization,SLCA002,Identity & access,"SNMPv1 community strings serve as its authentication mechanism, directly relating to identity proof and access control.",SCLC00301,Defensive measures,SLCA004,Defensive controls & hygiene,MoritzLaurer/deberta-v3-large-zeroshot-v2.0,yes,no,no,no,no,SCLC02801,Other,SLCA008,Other,sknow-lab/Qwen2.5-14B-CIC-ACLARC,yes,no,no,no,no
gold_000029,CyberMetric,data/raw/huggingface/CyberMetric/CyberMetric-10000-v1.jsonl,402,What is Diffie-Hellman used for?,A,SCLC02201,Secure communication,SLCA005,Network & secure comms,Diffie-Hellman is a cryptographic key exchange protocol fundamental to establishing secure encrypted communication channels.,SCLC02801,Other,SLCA008,Other,MoritzLaurer/deberta-v3-large-zeroshot-v2.0,yes,no,no,no,no,SCLC02801,Other,SLCA008,Other,sknow-lab/Qwen2.5-14B-CIC-ACLARC,yes,no,no,no,no
gold_000030,CyberMetric,data/raw/huggingface/CyberMetric/CyberMetric-10000-v1.jsonl,1639,Which attack involves injecting malicious code or SQL commands into input fields to gain unauthorized access to a system?,A,SCLC02401,App security,SLCA007,Applications & workplace,"SQL injection targets application input fields to execute malicious commands, a core application-level vulnerability.",SCLC02601,Remote/Traveling security,SLCA007,Applications & workplace,MoritzLaurer/deberta-v3-large-zeroshot-v2.0,yes,no,no,yes,yes,SCLC00501,Psychological manipulation,SLCA003,Human & social threats,sknow-lab/Qwen2.5-14B-CIC-ACLARC,yes,no,no,no,no
gold_000031,CyberMetric,data/raw/huggingface/CyberMetric/CyberMetric-10000-v1.jsonl,387,What concept refers to the strategy of adding multiple layers of protection to delay an attacker and provide different lines of defense?,A,SCLC00701,Foundational concepts,SLCA001,Fundamentals & governance,Defense in Depth is a core security vocabulary term describing layered protection strategies.,SCLC02501,Behavioral security,SLCA003,Human & social threats,MoritzLaurer/deberta-v3-large-zeroshot-v2.0,yes,no,no,no,no,SCLC02801,Other,SLCA008,Other,sknow-lab/Qwen2.5-14B-CIC-ACLARC,yes,no,no,no,no
gold_000032,CyberMetric,data/raw/huggingface/CyberMetric/CyberMetric-10000-v1.jsonl,1140,Which engagement factor should include having at least two levels for individual contributor positions?,A,SCLC02301,Professional perspective,SLCA001,Fundamentals & governance,The question addresses career development and organizational engagement factors relevant to professional roles and advancement.,SCLC00301,Defensive measures,SLCA004,Defensive controls & hygiene,MoritzLaurer/deberta-v3-large-zeroshot-v2.0,yes,no,no,no,no,SCLC02801,Other,SLCA008,Other,sknow-lab/Qwen2.5-14B-CIC-ACLARC,yes,no,no,no,no
gold_000033,CyberMetric,data/raw/huggingface/CyberMetric/CyberMetric-10000-v1.jsonl,1700,What is a major concern related to password memorability?,A,SCLC00101,Credential management,SLCA002,Identity & access,"The question directly addresses password memorability, a core credential management concern involving how users handle passwords.",SCLC01001,Regulatory/Legal,SLCA001,Fundamentals & governance,MoritzLaurer/deberta-v3-large-zeroshot-v2.0,yes,no,no,no,no,SCLC02801,Other,SLCA008,Other,sknow-lab/Qwen2.5-14B-CIC-ACLARC,yes,no,no,no,no
gold_000034,CyberMetric,data/raw/huggingface/CyberMetric/CyberMetric-10000-v1.jsonl,101,What is the best description of the difference between a phishing e-mail and a spear phishing e-mail?,A,SCLC00202,Email,SLCA003,Human & social threats,"The question distinguishes phishing from spear phishing, both of which are email-based attack techniques.",SCLC02801,Other,SLCA008,Other,MoritzLaurer/deberta-v3-large-zeroshot-v2.0,yes,no,no,no,no,SCLC02801,Other,SLCA008,Other,sknow-lab/Qwen2.5-14B-CIC-ACLARC,yes,no,no,no,no
gold_000035,CyberMetric,data/raw/huggingface/CyberMetric/CyberMetric-10000-v1.jsonl,853,What is the primary function of a message authentication code (MAC)?,A,SCLC00701,Foundational concepts,SLCA001,Fundamentals & governance,MAC is a core cryptographic security concept covering message integrity and authentication fundamentals.,SCLC02501,Behavioral security,SLCA003,Human & social threats,MoritzLaurer/deberta-v3-large-zeroshot-v2.0,yes,no,no,no,no,SCLC02801,Other,SLCA008,Other,sknow-lab/Qwen2.5-14B-CIC-ACLARC,yes,no,no,no,no
gold_000036,CyberMetric,data/raw/huggingface/CyberMetric/CyberMetric-10000-v1.jsonl,1248,What property of complex adaptive systems (CAS) describes how resources are transferred between agents within a system?,A,SCLC01601,General theory,SLCA001,Fundamentals & governance,The question addresses abstract systems theory concepts (complex adaptive systems) applied to security theoretical frameworks.,SCLC00301,Defensive measures,SLCA004,Defensive controls & hygiene,MoritzLaurer/deberta-v3-large-zeroshot-v2.0,yes,no,no,no,no,SCLC02801,Other,SLCA008,Other,sknow-lab/Qwen2.5-14B-CIC-ACLARC,yes,no,no,no,no
gold_000037,CyberMetric,data/raw/huggingface/CyberMetric/CyberMetric-10000-v1.jsonl,1663,What role does encryption play in achieving data confidentiality in cybersecurity?,A,SCLC00701,Foundational concepts,SLCA001,Fundamentals & governance,"The question tests core security vocabulary around encryption's role in achieving data confidentiality, a fundamental cybersecurity principle.",SCLC01001,Regulatory/Legal,SLCA001,Fundamentals & governance,MoritzLaurer/deberta-v3-large-zeroshot-v2.0,yes,no,no,yes,yes,SCLC02801,Other,SLCA008,Other,sknow-lab/Qwen2.5-14B-CIC-ACLARC,yes,no,no,no,no
gold_000038,CyberMetric,data/raw/huggingface/CyberMetric/CyberMetric-10000-v1.jsonl,904,What is the process of establishing confidence in user identities presented electronically to an information system?,A,SCLC00901,Authentication/Authorization,SLCA002,Identity & access,"The question directly asks about establishing confidence in user identities, which is the core definition of authentication.",SCLC02101,Advanced malware types,SLCA006,Malware & advanced threats,MoritzLaurer/deberta-v3-large-zeroshot-v2.0,yes,no,no,no,no,SCLC00401,General hygiene,SLCA004,Defensive controls & hygiene,sknow-lab/Qwen2.5-14B-CIC-ACLARC,yes,no,no,no,no
gold_000039,CyberMetric,data/raw/huggingface/CyberMetric/CyberMetric-10000-v1.jsonl,1743,Which Intel processor feature caused controversy due to privacy concerns and its potential use in hardware-based digital rights management?,A,SCLC01001,Regulatory/Legal,SLCA001,Fundamentals & governance,"The question addresses privacy concerns and digital rights management tied to hardware, involving legal and policy implications.",SCLC01001,Regulatory/Legal,SLCA001,Fundamentals & governance,MoritzLaurer/deberta-v3-large-zeroshot-v2.0,yes,yes,yes,yes,yes,SCLC02801,Other,SLCA008,Other,sknow-lab/Qwen2.5-14B-CIC-ACLARC,yes,no,no,no,no
gold_000040,CyberMetric,data/raw/huggingface/CyberMetric/CyberMetric-10000-v1.jsonl,390,What is the purpose of XML External Entity Processing?,A,SCLC02401,App security,SLCA007,Applications & workplace,XXE (XML External Entity) is an application-level vulnerability exploiting XML parsers to access system files and functions.,SCLC00801,Infrastructure protection,SLCA005,Network & secure comms,MoritzLaurer/deberta-v3-large-zeroshot-v2.0,yes,no,no,no,no,SCLC02801,Other,SLCA008,Other,sknow-lab/Qwen2.5-14B-CIC-ACLARC,yes,no,no,no,no
gold_000041,CyberMetric,data/raw/huggingface/CyberMetric/CyberMetric-10000-v1.jsonl,345,Which attack leverages accessible Wi-Fi networks for capturing usernames and passwords?,A,SCLC02601,Remote/Traveling security,SLCA007,Applications & workplace,"The question addresses Wi-Fi network risks for credential capture, a key concern when using public or accessible wireless networks while traveling.",SCLC00601,Internal risks,SLCA007,Applications & workplace,MoritzLaurer/deberta-v3-large-zeroshot-v2.0,yes,no,no,yes,yes,SCLC02801,Other,SLCA008,Other,sknow-lab/Qwen2.5-14B-CIC-ACLARC,yes,no,no,no,no
gold_000042,mmlu/computer_security,data/raw/huggingface/mmlu/computer_security/validation.jsonl,8,A hash function guarantees the integrity of a message. It guarantees that the message has not be,C,SCLC00701,Foundational concepts,SLCA001,Fundamentals & governance,Hash functions and message integrity are core cryptographic security vocabulary and principles.,SCLC01001,Regulatory/Legal,SLCA001,Fundamentals & governance,MoritzLaurer/deberta-v3-large-zeroshot-v2.0,yes,no,no,yes,yes,SCLC02801,Other,SLCA008,Other,sknow-lab/Qwen2.5-14B-CIC-ACLARC,yes,no,no,no,no
gold_000043,CyberMetric,data/raw/huggingface/CyberMetric/CyberMetric-10000-v1.jsonl,818,Which algorithm has been prohibited for use in TLS by the IETF due to discovered vulnerabilities?,A,SCLC01202,SSL certificates,SLCA005,Network & secure comms,"The question concerns TLS protocol cryptographic algorithms and their security, directly related to TLS/SSL transport security.",SCLC02801,Other,SLCA008,Other,MoritzLaurer/deberta-v3-large-zeroshot-v2.0,yes,no,no,no,no,SCLC02801,Other,SLCA008,Other,sknow-lab/Qwen2.5-14B-CIC-ACLARC,yes,no,no,no,no
gold_000044,CyberMetric,data/raw/huggingface/CyberMetric/CyberMetric-10000-v1.jsonl,1081,What is an essential aspect of physical security in an organization?,A,SCLC00801,Infrastructure protection,SLCA005,Network & secure comms,"Physical security of organizational assets involves hardening and protecting systems, facilities, and infrastructure components.",SCLC02301,Professional perspective,SLCA001,Fundamentals & governance,MoritzLaurer/deberta-v3-large-zeroshot-v2.0,yes,no,no,no,no,SCLC02801,Other,SLCA008,Other,sknow-lab/Qwen2.5-14B-CIC-ACLARC,yes,no,no,no,no
gold_000045,CyberMetric,data/raw/huggingface/CyberMetric/CyberMetric-10000-v1.jsonl,1146,"At maturity level 3, which of the following is a characteristic of the security infrastructure and tools?",A,SCLC00801,Infrastructure protection,SLCA005,Network & secure comms,"The question addresses maturity levels of security infrastructure deployment, tools, and network-wide controls.",SCLC00301,Defensive measures,SLCA004,Defensive controls & hygiene,MoritzLaurer/deberta-v3-large-zeroshot-v2.0,yes,no,no,no,no,SCLC02801,Other,SLCA008,Other,sknow-lab/Qwen2.5-14B-CIC-ACLARC,yes,no,no,no,no
gold_000046,mmlu/computer_security,data/raw/huggingface/mmlu/computer_security/test.jsonl,100,Three of the following are classic security properties; which one is not?,B,SCLC00701,Foundational concepts,SLCA001,Fundamentals & governance,"The question tests knowledge of the CIA triad, a core foundational security concept.",SCLC02601,Remote/Traveling security,SLCA007,Applications & workplace,MoritzLaurer/deberta-v3-large-zeroshot-v2.0,yes,no,no,no,no,SCLC02801,Other,SLCA008,Other,sknow-lab/Qwen2.5-14B-CIC-ACLARC,yes,no,no,no,no
gold_000047,CyberMetric,data/raw/huggingface/CyberMetric/CyberMetric-10000-v1.jsonl,792,Which of the following is NOT an axiom for a group?,A,SCLC01601,General theory,SLCA001,Fundamentals & governance,"This question tests abstract mathematical group theory axioms, foundational to cryptographic security theory.",SCLC02801,Other,SLCA008,Other,MoritzLaurer/deberta-v3-large-zeroshot-v2.0,yes,no,no,no,no,SCLC02801,Other,SLCA008,Other,sknow-lab/Qwen2.5-14B-CIC-ACLARC,yes,no,no,no,no
gold_000048,CyberMetric,data/raw/huggingface/CyberMetric/CyberMetric-10000-v1.jsonl,241,What is the primary role of nmap?,A,SCLC00701,Foundational concepts,SLCA001,Fundamentals & governance,"Nmap is a core security tool concept covering network reconnaissance, a fundamental cybersecurity principle.",SCLC02801,Other,SLCA008,Other,MoritzLaurer/deberta-v3-large-zeroshot-v2.0,yes,no,no,no,no,SCLC02801,Other,SLCA008,Other,sknow-lab/Qwen2.5-14B-CIC-ACLARC,yes,no,no,no,no
gold_000049,CyberMetric,data/raw/huggingface/CyberMetric/CyberMetric-10000-v1.jsonl,1599,Which area of network security is confidentiality related to?,A,SCLC00701,Foundational concepts,SLCA001,Fundamentals & governance,"The question tests core security vocabulary around the CIA triad (confidentiality, integrity, availability) and authentication.",SCLC02601,Remote/Traveling security,SLCA007,Applications & workplace,MoritzLaurer/deberta-v3-large-zeroshot-v2.0,yes,no,no,no,no,SCLC02801,Other,SLCA008,Other,sknow-lab/Qwen2.5-14B-CIC-ACLARC,yes,no,no,no,no
gold_000050,CyberMetric,data/raw/huggingface/CyberMetric/CyberMetric-10000-v1.jsonl,1642,Which type of attack involves an unauthorized user gaining access to a system by exploiting weak keys or encryption algorithms?,A,SCLC00701,Foundational concepts,SLCA001,Fundamentals & governance,The question tests core security vocabulary around cryptographic attack types and their definitions.,SCLC02301,Professional perspective,SLCA001,Fundamentals & governance,MoritzLaurer/deberta-v3-large-zeroshot-v2.0,yes,no,no,yes,yes,SCLC02801,Other,SLCA008,Other,sknow-lab/Qwen2.5-14B-CIC-ACLARC,yes,no,no,no,no
gold_000051,CyberMetric,data/raw/huggingface/CyberMetric/CyberMetric-10000-v1.jsonl,256,What does the QoD column in vulnerability scanning tools represent?,A,SCLC00701,Foundational concepts,SLCA001,Fundamentals & governance,QoD (Quality of Detection) is a core vocabulary term used in vulnerability scanning tools and security fundamentals.,SCLC02801,Other,SLCA008,Other,MoritzLaurer/deberta-v3-large-zeroshot-v2.0,yes,no,no,no,no,SCLC02801,Other,SLCA008,Other,sknow-lab/Qwen2.5-14B-CIC-ACLARC,yes,no,no,no,no
gold_000052,CyberMetric,data/raw/huggingface/CyberMetric/CyberMetric-10000-v1.jsonl,357,"In WPA2, what does the Group Temporal Key (GTK) primarily function as?",A,SCLC00701,Foundational concepts,SLCA001,Fundamentals & governance,GTK in WPA2 is a core wireless security concept covering encryption key roles and protocol fundamentals.,SCLC02801,Other,SLCA008,Other,MoritzLaurer/deberta-v3-large-zeroshot-v2.0,yes,no,no,no,no,SCLC01301,Location leaks,SLCA007,Applications & workplace,sknow-lab/Qwen2.5-14B-CIC-ACLARC,yes,no,no,no,no
gold_000053,CyberMetric,data/raw/huggingface/CyberMetric/CyberMetric-10000-v1.jsonl,765,"In the context of cybersecurity, what does the term 'availability' refer to?",A,SCLC00701,Foundational concepts,SLCA001,Fundamentals & governance,"Availability is a core CIA triad principle, fundamental cybersecurity vocabulary.",SCLC00301,Defensive measures,SLCA004,Defensive controls & hygiene,MoritzLaurer/deberta-v3-large-zeroshot-v2.0,yes,no,no,no,no,SCLC02801,Other,SLCA008,Other,sknow-lab/Qwen2.5-14B-CIC-ACLARC,yes,no,no,no,no
gold_000054,CyberMetric,data/raw/huggingface/CyberMetric/CyberMetric-10000-v1.jsonl,838,"In the RSA public-key encryption scheme, what does the value 'n' represent?",A,SCLC01601,General theory,SLCA001,Fundamentals & governance,RSA encryption mechanics and mathematical components are abstract cryptographic theory concepts.,SCLC01001,Regulatory/Legal,SLCA001,Fundamentals & governance,MoritzLaurer/deberta-v3-large-zeroshot-v2.0,yes,no,no,yes,yes,SCLC02801,Other,SLCA008,Other,sknow-lab/Qwen2.5-14B-CIC-ACLARC,yes,no,no,no,no
gold_000055,CyberMetric,data/raw/huggingface/CyberMetric/CyberMetric-10000-v1.jsonl,1448,What measure can be taken to improve the physical security of a UNIX workstation?,A,SCLC00801,Infrastructure protection,SLCA005,Network & secure comms,Enabling BIOS password is a system hardening measure to protect physical access to a UNIX workstation.,SCLC02801,Other,SLCA008,Other,MoritzLaurer/deberta-v3-large-zeroshot-v2.0,yes,no,no,no,no,SCLC02801,Other,SLCA008,Other,sknow-lab/Qwen2.5-14B-CIC-ACLARC,yes,no,no,no,no
gold_000056,CyberMetric,data/raw/huggingface/CyberMetric/CyberMetric-10000-v1.jsonl,388,What is the term used for the technique of storing shellcode in multiple places in the heap and redirecting the return address there?,A,SCLC02401,App security,SLCA007,Applications & workplace,Heap spraying is an application-level exploitation technique targeting memory allocation to execute shellcode.,SCLC02801,Other,SLCA008,Other,MoritzLaurer/deberta-v3-large-zeroshot-v2.0,yes,no,no,no,no,SCLC02801,Other,SLCA008,Other,sknow-lab/Qwen2.5-14B-CIC-ACLARC,yes,no,no,no,no
gold_000057,CyberMetric,data/raw/huggingface/CyberMetric/CyberMetric-10000-v1.jsonl,928,"In public-key encryption for one-way authentication, what is the function of the digital signature?",A,SCLC00701,Foundational concepts,SLCA001,Fundamentals & governance,Digital signatures and public-key encryption are core cryptographic security vocabulary and principles.,SCLC00501,Psychological manipulation,SLCA003,Human & social threats,MoritzLaurer/deberta-v3-large-zeroshot-v2.0,yes,no,no,no,no,SCLC02801,Other,SLCA008,Other,sknow-lab/Qwen2.5-14B-CIC-ACLARC,yes,no,no,no,no
gold_000058,CyberMetric,data/raw/huggingface/CyberMetric/CyberMetric-10000-v1.jsonl,210,Which concept is used to make sure that the source of data is genuine?,A,SCLC00701,Foundational concepts,SLCA001,Fundamentals & governance,"The question tests core security vocabulary around authenticity, a fundamental CIA-triad adjacent concept.",SCLC00801,Infrastructure protection,SLCA005,Network & secure comms,MoritzLaurer/deberta-v3-large-zeroshot-v2.0,yes,no,no,no,no,SCLC02801,Other,SLCA008,Other,sknow-lab/Qwen2.5-14B-CIC-ACLARC,yes,no,no,no,no
gold_000059,CyberMetric,data/raw/huggingface/CyberMetric/CyberMetric-10000-v1.jsonl,1072,Which best describes the concept of 'security through obscurity'?,A,SCLC01601,General theory,SLCA001,Fundamentals & governance,Security through obscurity is an abstract security concept and textbook theory about hiding mechanisms as a defense strategy.,SCLC01001,Regulatory/Legal,SLCA001,Fundamentals & governance,MoritzLaurer/deberta-v3-large-zeroshot-v2.0,yes,no,no,yes,yes,SCLC02801,Other,SLCA008,Other,sknow-lab/Qwen2.5-14B-CIC-ACLARC,yes,no,no,no,no
gold_000060,CyberMetric,data/raw/huggingface/CyberMetric/CyberMetric-10000-v1.jsonl,1108,How does an ISMS protect by degrees according to the key principles outlined in the security management handbook?,A,SCLC00701,Foundational concepts,SLCA001,Fundamentals & governance,ISMS principles and residual risk management are core security vocabulary and foundational security management concepts.,SCLC02801,Other,SLCA008,Other,MoritzLaurer/deberta-v3-large-zeroshot-v2.0,yes,no,no,no,no,SCLC02801,Other,SLCA008,Other,sknow-lab/Qwen2.5-14B-CIC-ACLARC,yes,no,no,no,no
gold_000061,CyberMetric,data/raw/huggingface/CyberMetric/CyberMetric-10000-v1.jsonl,1427,What is one of the recommended methods to limit the security risk to a Windows workstation?,A,SCLC00301,Defensive measures,SLCA004,Defensive controls & hygiene,"The question asks about recommended controls to reduce security risk on a Windows workstation, fitting defensive measures.",SCLC00701,Foundational concepts,SLCA001,Fundamentals & governance,MoritzLaurer/deberta-v3-large-zeroshot-v2.0,yes,no,no,no,no,SCLC02801,Other,SLCA008,Other,sknow-lab/Qwen2.5-14B-CIC-ACLARC,yes,no,no,no,no
gold_000062,CyberMetric,data/raw/huggingface/CyberMetric/CyberMetric-10000-v1.jsonl,1590,What is one advantage of symmetric encryption over asymmetric encryption?,A,SCLC00701,Foundational concepts,SLCA001,Fundamentals & governance,The question tests core cryptography vocabulary comparing symmetric vs asymmetric encryption properties.,SCLC00801,Infrastructure protection,SLCA005,Network & secure comms,MoritzLaurer/deberta-v3-large-zeroshot-v2.0,yes,no,no,no,no,SCLC02801,Other,SLCA008,Other,sknow-lab/Qwen2.5-14B-CIC-ACLARC,yes,no,no,no,no
gold_000063,mmlu/computer_security,data/raw/huggingface/mmlu/computer_security/test.jsonl,68,Which of the following are benefits of penetration testing?,A,SCLC00701,Foundational concepts,SLCA001,Fundamentals & governance,Penetration testing benefits are core security vocabulary and foundational principles in cybersecurity practice.,SCLC02801,Other,SLCA008,Other,MoritzLaurer/deberta-v3-large-zeroshot-v2.0,yes,no,no,no,no,SCLC02801,Other,SLCA008,Other,sknow-lab/Qwen2.5-14B-CIC-ACLARC,yes,no,no,no,no
gold_000064,mmlu/computer_security,data/raw/huggingface/mmlu/computer_security/test.jsonl,39,"Let I = (S,V)I=(S,V) be a MAC. Suppose S(k,m)S(k,m) is always 5 bits long. Can this MAC be secure?",A,SCLC01601,General theory,SLCA001,Fundamentals & governance,The question tests abstract cryptographic theory about MAC security and tag length guessing probability.,SCLC02801,Other,SLCA008,Other,MoritzLaurer/deberta-v3-large-zeroshot-v2.0,yes,no,no,no,no,SCLC02801,Other,SLCA008,Other,sknow-lab/Qwen2.5-14B-CIC-ACLARC,yes,no,no,no,no
gold_000065,CyberMetric,data/raw/huggingface/CyberMetric/CyberMetric-10000-v1.jsonl,403,How did 3DES improve on DES?,A,SCLC01601,General theory,SLCA001,Fundamentals & governance,3DES vs DES is an abstract cryptographic concept about encryption algorithm design and key management theory.,SCLC00201,Social engineering,SLCA003,Human & social threats,MoritzLaurer/deberta-v3-large-zeroshot-v2.0,yes,no,no,no,no,SCLC02801,Other,SLCA008,Other,sknow-lab/Qwen2.5-14B-CIC-ACLARC,yes,no,no,no,no
gold_000066,CyberMetric,data/raw/huggingface/CyberMetric/CyberMetric-10000-v1.jsonl,1581,Which encryption process involves taking plain text and using a key to convert it into cipher text?,A,SCLC00701,Foundational concepts,SLCA001,Fundamentals & governance,The question tests basic understanding of encryption as a core security vocabulary and principle.,SCLC00801,Infrastructure protection,SLCA005,Network & secure comms,MoritzLaurer/deberta-v3-large-zeroshot-v2.0,yes,no,no,no,no,SCLC02801,Other,SLCA008,Other,sknow-lab/Qwen2.5-14B-CIC-ACLARC,yes,no,no,no,no
gold_000067,CyberMetric,data/raw/huggingface/CyberMetric/CyberMetric-10000-v1.jsonl,371,How many stages are used in the WPA handshake?,A,SCLC00701,Foundational concepts,SLCA001,Fundamentals & governance,"WPA handshake stages are core wireless security protocol knowledge, a foundational cybersecurity concept.",SCLC02501,Behavioral security,SLCA003,Human & social threats,MoritzLaurer/deberta-v3-large-zeroshot-v2.0,yes,no,no,no,no,SCLC02801,Other,SLCA008,Other,sknow-lab/Qwen2.5-14B-CIC-ACLARC,yes,no,no,no,no
gold_000068,CyberMetric,data/raw/huggingface/CyberMetric/CyberMetric-10000-v1.jsonl,1061,"In public-key cryptography, which key is kept private and known only to the owner?",A,SCLC00701,Foundational concepts,SLCA001,Fundamentals & governance,This question tests core cryptography vocabulary about public-key infrastructure and key types.,SCLC02601,Remote/Traveling security,SLCA007,Applications & workplace,MoritzLaurer/deberta-v3-large-zeroshot-v2.0,yes,no,no,no,no,SCLC02801,Other,SLCA008,Other,sknow-lab/Qwen2.5-14B-CIC-ACLARC,yes,no,no,no,no
gold_000069,CyberMetric,data/raw/huggingface/CyberMetric/CyberMetric-10000-v1.jsonl,1079,What is the primary function of access control administration?,A,SCLC00901,Authentication/Authorization,SLCA002,Identity & access,"Access control administration directly concerns managing identity, permissions, and enforcing who can access what resources.",SCLC02801,Other,SLCA008,Other,MoritzLaurer/deberta-v3-large-zeroshot-v2.0,yes,no,no,no,no,SCLC02801,Other,SLCA008,Other,sknow-lab/Qwen2.5-14B-CIC-ACLARC,yes,no,no,no,no
gold_000070,CyberMetric,data/raw/huggingface/CyberMetric/CyberMetric-10000-v1.jsonl,1029,Which type of secret key algorithm is used in IPsec for encryption and decryption?,A,SCLC00701,Foundational concepts,SLCA001,Fundamentals & governance,The question tests core security vocabulary about IPsec encryption algorithms and symmetric key cryptography fundamentals.,SCLC02601,Remote/Traveling security,SLCA007,Applications & workplace,MoritzLaurer/deberta-v3-large-zeroshot-v2.0,yes,no,no,no,no,SCLC02801,Other,SLCA008,Other,sknow-lab/Qwen2.5-14B-CIC-ACLARC,yes,no,no,no,no
gold_000071,CyberMetric,data/raw/huggingface/CyberMetric/CyberMetric-10000-v1.jsonl,45,"Dora, a security administrator, is configuring access for a new employee in the manufacturing department. She ensures access to the manufacturing area while excluding access to the parts storage area. What best describes the principle Dora is applying?",A,SCLC00901,Authentication/Authorization,SLCA002,Identity & access,"The question involves access control decisions—granting and restricting permissions based on role, which is core authorization.",SCLC00801,Infrastructure protection,SLCA005,Network & secure comms,MoritzLaurer/deberta-v3-large-zeroshot-v2.0,yes,no,no,no,no,SCLC02801,Other,SLCA008,Other,sknow-lab/Qwen2.5-14B-CIC-ACLARC,yes,no,no,no,no
gold_000072,CyberMetric,data/raw/huggingface/CyberMetric/CyberMetric-10000-v1.jsonl,1647,Which encryption method is classified as a symmetric key cryptography?,A,SCLC00701,Foundational concepts,SLCA001,Fundamentals & governance,The question tests core cryptography vocabulary by identifying symmetric key encryption methods like AES.,SCLC02301,Professional perspective,SLCA001,Fundamentals & governance,MoritzLaurer/deberta-v3-large-zeroshot-v2.0,yes,no,no,yes,yes,SCLC02801,Other,SLCA008,Other,sknow-lab/Qwen2.5-14B-CIC-ACLARC,yes,no,no,no,no
gold_000073,CyberMetric,data/raw/huggingface/CyberMetric/CyberMetric-10000-v1.jsonl,94,Which technology enables a secure connection into a private network through a public network such as the Internet?,A,SCLC00801,Infrastructure protection,SLCA005,Network & secure comms,"VPN technology secures network connections over public infrastructure, a core infrastructure protection concept.",SCLC02501,Behavioral security,SLCA003,Human & social threats,MoritzLaurer/deberta-v3-large-zeroshot-v2.0,yes,no,no,no,no,SCLC02801,Other,SLCA008,Other,sknow-lab/Qwen2.5-14B-CIC-ACLARC,yes,no,no,no,no
gold_000074,CyberMetric,data/raw/huggingface/CyberMetric/CyberMetric-10000-v1.jsonl,1277,What is used to create a digital fingerprint of the data to demonstrate its integrity in digital evidence management?,A,SCLC00701,Foundational concepts,SLCA001,Fundamentals & governance,Hash functions creating digital fingerprints for data integrity is a core security/forensics concept.,SCLC00901,Authentication/Authorization,SLCA002,Identity & access,MoritzLaurer/deberta-v3-large-zeroshot-v2.0,yes,no,no,no,no,SCLC02801,Other,SLCA008,Other,sknow-lab/Qwen2.5-14B-CIC-ACLARC,yes,no,no,no,no
gold_000075,CyberMetric,data/raw/huggingface/CyberMetric/CyberMetric-10000-v1.jsonl,175,Which term refers to the model used to describe communications protocols and their functions?,A,SCLC01601,General theory,SLCA001,Fundamentals & governance,The OSI model is an abstract textbook concept describing communication protocol layers and functions.,SCLC01001,Regulatory/Legal,SLCA001,Fundamentals & governance,MoritzLaurer/deberta-v3-large-zeroshot-v2.0,yes,no,no,yes,yes,SCLC02801,Other,SLCA008,Other,sknow-lab/Qwen2.5-14B-CIC-ACLARC,yes,no,no,no,no
gold_000076,CyberMetric,data/raw/huggingface/CyberMetric/CyberMetric-10000-v1.jsonl,488,"In the RSA cryptosystem, what is commonly used as the public key?",A,SCLC00701,Foundational concepts,SLCA001,Fundamentals & governance,RSA cryptosystem public key structure is a core cryptographic and security vocabulary concept.,SCLC02801,Other,SLCA008,Other,MoritzLaurer/deberta-v3-large-zeroshot-v2.0,yes,no,no,no,no,SCLC02801,Other,SLCA008,Other,sknow-lab/Qwen2.5-14B-CIC-ACLARC,yes,no,no,no,no
gold_000077,CyberMetric,data/raw/huggingface/CyberMetric/CyberMetric-10000-v1.jsonl,1610,"What makes digital watermarking a limited form of steganography, only appropriate for protecting and proving ownership?",A,SCLC01601,General theory,SLCA001,Fundamentals & governance,Digital watermarking and steganography are abstract security concepts covered in textbook security theory.,SCLC00601,Internal risks,SLCA007,Applications & workplace,MoritzLaurer/deberta-v3-large-zeroshot-v2.0,yes,no,no,no,no,SCLC01301,Location leaks,SLCA007,Applications & workplace,sknow-lab/Qwen2.5-14B-CIC-ACLARC,yes,no,no,no,no
gold_000078,CyberMetric,data/raw/huggingface/CyberMetric/CyberMetric-10000-v1.jsonl,1582,What is the fundamental flaw of using the one-time pad for encryption?,A,SCLC01601,General theory,SLCA001,Fundamentals & governance,One-time pad key length requirements are abstract cryptographic theory concepts covered in textbook security education.,SCLC02801,Other,SLCA008,Other,MoritzLaurer/deberta-v3-large-zeroshot-v2.0,yes,no,no,no,no,SCLC00301,Defensive measures,SLCA004,Defensive controls & hygiene,sknow-lab/Qwen2.5-14B-CIC-ACLARC,yes,no,no,no,no
gold_000079,mmlu/computer_security,data/raw/huggingface/mmlu/computer_security/dev.jsonl,1,SHA-1 has a message digest of,A,SCLC00701,Foundational concepts,SLCA001,Fundamentals & governance,SHA-1 message digest size is a core cryptographic/security vocabulary concept.,SCLC01001,Regulatory/Legal,SLCA001,Fundamentals & governance,MoritzLaurer/deberta-v3-large-zeroshot-v2.0,yes,no,no,yes,yes,SCLC02801,Other,SLCA008,Other,sknow-lab/Qwen2.5-14B-CIC-ACLARC,yes,no,no,no,no
gold_000080,CyberMetric,data/raw/huggingface/CyberMetric/CyberMetric-10000-v1.jsonl,431,"Which tool provides a layered look at all the protocols in a capture, showing percentages for all protocols?",A,SCLC00801,Infrastructure protection,SLCA005,Network & secure comms,Wireshark's protocol hierarchy feature is a network analysis tool used for monitoring and protecting infrastructure.,SCLC02301,Professional perspective,SLCA001,Fundamentals & governance,MoritzLaurer/deberta-v3-large-zeroshot-v2.0,yes,no,no,no,no,SCLC02801,Other,SLCA008,Other,sknow-lab/Qwen2.5-14B-CIC-ACLARC,yes,no,no,no,no
gold_000081,mmlu/computer_security,data/raw/huggingface/mmlu/computer_security/test.jsonl,28,To verify a digital signature we need the,B,SCLC00901,Authentication/Authorization,SLCA002,Identity & access,Digital signature verification uses public key cryptography to authenticate the sender's identity.,SCLC01001,Regulatory/Legal,SLCA001,Fundamentals & governance,MoritzLaurer/deberta-v3-large-zeroshot-v2.0,yes,no,no,no,no,SCLC02801,Other,SLCA008,Other,sknow-lab/Qwen2.5-14B-CIC-ACLARC,yes,no,no,no,no
gold_000082,CyberMetric,data/raw/huggingface/CyberMetric/CyberMetric-10000-v1.jsonl,1298,What is the primary function of a secure token service (STS) in a web services security architecture?,A,SCLC00901,Authentication/Authorization,SLCA002,Identity & access,"STS issues security tokens used for authenticating and authorizing access in web services, a core identity/access control concept.",SCLC01001,Regulatory/Legal,SLCA001,Fundamentals & governance,MoritzLaurer/deberta-v3-large-zeroshot-v2.0,yes,no,no,no,no,SCLC02801,Other,SLCA008,Other,sknow-lab/Qwen2.5-14B-CIC-ACLARC,yes,no,no,no,no
gold_000083,CyberMetric,data/raw/huggingface/CyberMetric/CyberMetric-10000-v1.jsonl,1080,"Which type of attack is designed to imitate another entity to obtain sensitive information, such as login credentials?",A,SCLC00201,Social engineering,SLCA003,Human & social threats,"Spoofing/phishing attacks impersonate entities to deceive victims into revealing sensitive credentials, a core social engineering concept.",SCLC00701,Foundational concepts,SLCA001,Fundamentals & governance,MoritzLaurer/deberta-v3-large-zeroshot-v2.0,yes,no,no,no,no,SCLC02801,Other,SLCA008,Other,sknow-lab/Qwen2.5-14B-CIC-ACLARC,yes,no,no,no,no
gold_000084,CyberMetric,data/raw/huggingface/CyberMetric/CyberMetric-10000-v1.jsonl,764,Which of the following is considered part of the human attack surface in cybersecurity?,A,SCLC00201,Social engineering,SLCA003,Human & social threats,"The question focuses on human attack surface elements like phishing and social engineering, which are human-targeted deception techniques.",SCLC00301,Defensive measures,SLCA004,Defensive controls & hygiene,MoritzLaurer/deberta-v3-large-zeroshot-v2.0,yes,no,no,no,no,SCLC02801,Other,SLCA008,Other,sknow-lab/Qwen2.5-14B-CIC-ACLARC,yes,no,no,no,no
gold_000085,CyberMetric,data/raw/huggingface/CyberMetric/CyberMetric-10000-v1.jsonl,404,How did 3AES improve on AES?,A,SCLC00701,Foundational concepts,SLCA001,Fundamentals & governance,"The question asks about cryptographic algorithm improvements, a core security concept involving AES variants.",SCLC00801,Infrastructure protection,SLCA005,Network & secure comms,MoritzLaurer/deberta-v3-large-zeroshot-v2.0,yes,no,no,no,no,SCLC02801,Other,SLCA008,Other,sknow-lab/Qwen2.5-14B-CIC-ACLARC,yes,no,no,no,no
gold_000086,CyberMetric,data/raw/huggingface/CyberMetric/CyberMetric-10000-v1.jsonl,658,Why does the IKE protocol encapsulate IPsec packets into UDP or TCP when a NAT device is detected?,A,SCLC02201,Secure communication,SLCA005,Network & secure comms,IKE/IPsec NAT traversal encapsulation is a secure communication protocol mechanism for encrypted tunnel establishment.,SCLC02801,Other,SLCA008,Other,MoritzLaurer/deberta-v3-large-zeroshot-v2.0,yes,no,no,no,no,SCLC02801,Other,SLCA008,Other,sknow-lab/Qwen2.5-14B-CIC-ACLARC,yes,no,no,no,no
gold_000087,mmlu/computer_security,data/raw/huggingface/mmlu/computer_security/test.jsonl,96,Why would a ping sweep be used?,A,SCLC00801,Infrastructure protection,SLCA005,Network & secure comms,Ping sweeps are network reconnaissance techniques used to discover live hosts within infrastructure.,SCLC00301,Defensive measures,SLCA004,Defensive controls & hygiene,MoritzLaurer/deberta-v3-large-zeroshot-v2.0,yes,no,no,no,no,SCLC02801,Other,SLCA008,Other,sknow-lab/Qwen2.5-14B-CIC-ACLARC,yes,no,no,no,no
gold_000088,CyberMetric,data/raw/huggingface/CyberMetric/CyberMetric-10000-v1.jsonl,1518,How do blacklists help prevent spam?,A,SCLC00202,Email,SLCA003,Human & social threats,"The question addresses spam prevention via blacklists, which is an email-based threat mitigation technique.",SCLC02801,Other,SLCA008,Other,MoritzLaurer/deberta-v3-large-zeroshot-v2.0,yes,no,no,no,no,SCLC02801,Other,SLCA008,Other,sknow-lab/Qwen2.5-14B-CIC-ACLARC,yes,no,no,no,no
gold_000089,CyberMetric,data/raw/huggingface/CyberMetric/CyberMetric-10000-v1.jsonl,1680,What is the purpose of a VPN (Virtual Private Network)?,A,SCLC02201,Secure communication,SLCA005,Network & secure comms,VPNs create encrypted tunnels for secure private communication over public internet infrastructure.,SCLC00801,Infrastructure protection,SLCA005,Network & secure comms,MoritzLaurer/deberta-v3-large-zeroshot-v2.0,yes,no,no,yes,yes,SCLC02801,Other,SLCA008,Other,sknow-lab/Qwen2.5-14B-CIC-ACLARC,yes,no,no,no,no
gold_000090,CyberMetric,data/raw/huggingface/CyberMetric/CyberMetric-10000-v1.jsonl,202,Which layer of the OSI model does user-to-network connectivity primarily leverage through a virtual private network (VPN)?,A,SCLC00701,Foundational concepts,SLCA001,Fundamentals & governance,"The question tests core networking knowledge about OSI model layers and VPN operation, which are foundational security concepts.",SCLC01001,Regulatory/Legal,SLCA001,Fundamentals & governance,MoritzLaurer/deberta-v3-large-zeroshot-v2.0,yes,no,no,yes,yes,SCLC02801,Other,SLCA008,Other,sknow-lab/Qwen2.5-14B-CIC-ACLARC,yes,no,no,no,no
gold_000091,CyberMetric,data/raw/huggingface/CyberMetric/CyberMetric-10000-v1.jsonl,986,How can an organization mitigate the risk of untrusted content accessed by mobile devices?,A,SCLC00301,Defensive measures,SLCA004,Defensive controls & hygiene,"The question asks about organizational controls to reduce risk from untrusted mobile content, covering defensive security practices.",SCLC01001,Regulatory/Legal,SLCA001,Fundamentals & governance,MoritzLaurer/deberta-v3-large-zeroshot-v2.0,yes,no,no,no,no,SCLC01501,Header checks,SLCA003,Human & social threats,sknow-lab/Qwen2.5-14B-CIC-ACLARC,yes,no,no,no,no
gold_000092,CyberMetric,data/raw/huggingface/CyberMetric/CyberMetric-10000-v1.jsonl,291,What is the primary purpose of using hashdump or mimikatz in the context of system hacking?,A,SCLC00101,Credential management,SLCA002,Identity & access,Hashdump and Mimikatz are tools used to extract password hashes and credentials from Windows systems.,SCLC01601,General theory,SLCA001,Fundamentals & governance,MoritzLaurer/deberta-v3-large-zeroshot-v2.0,yes,no,no,no,no,SCLC02801,Other,SLCA008,Other,sknow-lab/Qwen2.5-14B-CIC-ACLARC,yes,no,no,no,no
gold_000093,CyberMetric,data/raw/huggingface/CyberMetric/CyberMetric-10000-v1.jsonl,1383,What does the likelihood determination step in risk assessment provide an indication of?,A,SCLC00701,Foundational concepts,SLCA001,Fundamentals & governance,"This question covers core risk assessment vocabulary, specifically the likelihood determination step in standard security risk methodology.",SCLC01001,Regulatory/Legal,SLCA001,Fundamentals & governance,MoritzLaurer/deberta-v3-large-zeroshot-v2.0,yes,no,no,yes,yes,SCLC02801,Other,SLCA008,Other,sknow-lab/Qwen2.5-14B-CIC-ACLARC,yes,no,no,no,no
gold_000094,CyberMetric,data/raw/huggingface/CyberMetric/CyberMetric-10000-v1.jsonl,1150,At what maturity level does the security team not focus solely on technical matters but also understand the business and speak its language to frame risks relevant to business decision makers?,A,SCLC02301,Professional perspective,SLCA001,Fundamentals & governance,"The question addresses security team maturity and aligning security communication with business decision-making, a professional/practitioner perspective.",SCLC02501,Behavioral security,SLCA003,Human & social threats,MoritzLaurer/deberta-v3-large-zeroshot-v2.0,yes,no,no,no,no,SCLC02801,Other,SLCA008,Other,sknow-lab/Qwen2.5-14B-CIC-ACLARC,yes,no,no,no,no
gold_000095,CyberMetric,data/raw/huggingface/CyberMetric/CyberMetric-10000-v1.jsonl,1159,"In the context of cybersecurity, what does the existence of a collective bargaining unit primarily do?",A,SCLC02301,Professional perspective,SLCA001,Fundamentals & governance,Collective bargaining units relate to workplace/organizational dynamics from a professional and industry practitioner perspective in cybersecurity contexts.,SCLC00601,Internal risks,SLCA007,Applications & workplace,MoritzLaurer/deberta-v3-large-zeroshot-v2.0,yes,no,no,no,no,SCLC02801,Other,SLCA008,Other,sknow-lab/Qwen2.5-14B-CIC-ACLARC,yes,no,no,no,no
gold_000096,CyberMetric,data/raw/huggingface/CyberMetric/CyberMetric-10000-v1.jsonl,140,"What security solution collects and analyzes data from a variety of tools, logs, and system components to help the organization learn about threats and prevent security incidents?",A,SCLC00801,Infrastructure protection,SLCA005,Network & secure comms,SIEM systems are core infrastructure security tools that aggregate logs and data to detect and prevent threats across systems.,SCLC01402,Default usernames,SLCA002,Identity & access,MoritzLaurer/deberta-v3-large-zeroshot-v2.0,yes,no,no,no,no,SCLC02801,Other,SLCA008,Other,sknow-lab/Qwen2.5-14B-CIC-ACLARC,yes,no,no,no,no
gold_000097,CyberMetric,data/raw/huggingface/CyberMetric/CyberMetric-10000-v1.jsonl,1074,What is the practice of inspecting and filtering incoming and outgoing network traffic?,A,SCLC01101,Firewalls,SLCA004,Defensive controls & hygiene,"The question describes packet filtering and traffic inspection, core firewall and perimeter security concepts.",SCLC00801,Infrastructure protection,SLCA005,Network & secure comms,MoritzLaurer/deberta-v3-large-zeroshot-v2.0,yes,no,no,no,no,SCLC02801,Other,SLCA008,Other,sknow-lab/Qwen2.5-14B-CIC-ACLARC,yes,no,no,no,no
gold_000098,CyberMetric,data/raw/huggingface/CyberMetric/CyberMetric-10000-v1.jsonl,136,What kind of attack intercepts and reads packets to understand the state of the communication taking place and makes contextual decisions regarding what traffic to allow and deny?,A,SCLC01101,Firewalls,SLCA004,Defensive controls & hygiene,"The question describes stateful packet inspection, a core firewall concept that tracks communication state to filter traffic.",SCLC01001,Regulatory/Legal,SLCA001,Fundamentals & governance,MoritzLaurer/deberta-v3-large-zeroshot-v2.0,yes,no,no,no,no,SCLC02801,Other,SLCA008,Other,sknow-lab/Qwen2.5-14B-CIC-ACLARC,yes,no,no,no,no
gold_000099,CyberMetric,data/raw/huggingface/CyberMetric/CyberMetric-10000-v1.jsonl,687,What is the most common network issue when setting up IPsec?,A,SCLC01101,Firewalls,SLCA004,Defensive controls & hygiene,"The question centers on firewall blocking of UDP ports 500 and 4500, a classic firewall-related IPsec setup issue.",SCLC02801,Other,SLCA008,Other,MoritzLaurer/deberta-v3-large-zeroshot-v2.0,yes,no,no,no,no,SCLC02801,Other,SLCA008,Other,sknow-lab/Qwen2.5-14B-CIC-ACLARC,yes,no,no,no,no
gold_000100,CyberMetric,data/raw/huggingface/CyberMetric/CyberMetric-10000-v1.jsonl,26,What is the first thing a cyberattacker would want to do to launch an attack against an organization?,A,SCLC02001,Advanced cyber threats,SLCA006,Malware & advanced threats,"The question addresses attacker reconnaissance methodology, a foundational step in sophisticated cyber attack campaigns against organizations.",SCLC00301,Defensive measures,SLCA004,Defensive controls & hygiene,MoritzLaurer/deberta-v3-large-zeroshot-v2.0,yes,no,no,no,no,SCLC00401,General hygiene,SLCA004,Defensive controls & hygiene,sknow-lab/Qwen2.5-14B-CIC-ACLARC,yes,no,no,no,no
