topic_id,topic_name,baronllm-v2_acc_embedding_final,baronllm-v2_n_embedding_final,cybertuned_acc_embedding_final,cybertuned_n_embedding_final,foundation-sec-8b_acc_embedding_final,foundation-sec-8b_n_embedding_final,lily-cyber-7b_acc_embedding_final,lily-cyber-7b_n_embedding_final,llama-3.1-8b_acc_embedding_final,llama-3.1-8b_n_embedding_final,mistral-7b-instruct-v0.2_acc_embedding_final,mistral-7b-instruct-v0.2_n_embedding_final,qwen3-14b_acc_embedding_final,qwen3-14b_n_embedding_final,roberta-base_acc_embedding_final,roberta-base_n_embedding_final,trendyol-cyber-70b_acc_embedding_final,trendyol-cyber-70b_n_embedding_final,zephyr-7b-beta_acc_embedding_final,zephyr-7b-beta_n_embedding_final,zysec-7b_acc_embedding_final,zysec-7b_n_embedding_final,llama-3.3-70b-instruct_acc_embedding_final_1,llama-3.3-70b-instruct_n_embedding_final_1,qwen3-14b_acc_embedding_final_1,qwen3-14b_n_embedding_final_1
SCLC00101,Credential management,0.381,21,0.381,21,0.762,21,0.714,21,0.667,21,0.762,21,0.095,21,0.286,21,0.714,21,0.524,21,0.429,21,0.911,45,0.914,35
SCLC00201,Social engineering,0.316,19,0.368,19,0.474,19,0.737,19,0.526,19,0.474,19,0.105,19,0.211,19,0.579,19,0.474,19,0.421,19,0.843,51,0.805,41
SCLC00202,Email,0.286,21,0.571,21,0.667,21,0.524,21,0.667,21,0.619,21,0.143,21,0.524,21,0.714,21,0.571,21,0.381,21,0.853,34,0.862,29
SCLC00301,Defensive measures,0.258,31,0.129,31,0.355,31,0.355,31,0.484,31,0.290,31,0.129,31,0.097,31,0.581,31,0.323,31,0.258,31,0.688,48,0.682,44
SCLC00401,General hygiene,0.182,11,0.364,11,0.273,11,0.636,11,0.727,11,0.455,11,0.091,11,0.364,11,0.818,11,0.364,11,0.455,11,0.818,11,0.727,11
SCLC00501,Psychological manipulation,0.429,21,0.286,21,0.619,21,0.667,21,0.762,21,0.619,21,0.190,21,0.524,21,0.905,21,0.381,21,0.429,21,0.936,47,0.913,46
SCLC00601,Internal risks,0.333,24,0.074,27,0.556,27,0.519,27,0.630,27,0.481,27,0.148,27,0.222,27,0.630,27,0.407,27,0.296,27,0.758,33,0.844,32
SCLC00701,Foundational concepts,0.306,36,0.361,36,0.361,36,0.528,36,0.556,36,0.472,36,0.139,36,0.333,36,0.694,36,0.306,36,0.278,36,0.776,67,0.851,67
SCLC00801,Infrastructure protection,0.419,31,0.355,31,0.548,31,0.516,31,0.516,31,0.516,31,0.161,31,0.419,31,0.645,31,0.484,31,0.387,31,0.909,44,0.932,44
SCLC00901,Authentication/Authorization,0.314,35,0.429,35,0.743,35,0.629,35,0.800,35,0.457,35,0.086,35,0.314,35,0.829,35,0.343,35,0.429,35,0.903,62,0.887,62
SCLC01001,Regulatory/Legal,0.280,25,0.240,25,0.560,25,0.400,25,0.640,25,0.440,25,0.160,25,0.120,25,0.760,25,0.640,25,0.240,25,0.618,55,0.667,48
SCLC01101,Firewalls,0.333,15,0.176,17,0.529,17,0.588,17,0.647,17,0.588,17,0.353,17,0.412,17,0.882,17,0.412,17,0.529,17,0.938,32,0.969,32
SCLC01102,Virus Scans,0.071,14,0.429,14,0.643,14,0.714,14,0.571,14,0.571,14,0.071,14,0.143,14,0.643,14,0.429,14,0.214,14,0.643,14,0.643,14
SCLC01103,USB safety,0.200,5,0.800,5,0.600,5,0.800,5,0.800,5,1.000,5,0.200,5,0.600,5,0.800,5,0.400,5,0.400,5,1.000,5,1.000,5
SCLC01201,Encrypted vaults,0.200,10,0.100,10,0.600,10,0.300,10,0.700,10,0.400,10,0.000,10,0.300,10,0.600,10,0.600,10,0.500,10,0.818,11,0.727,11
SCLC01202,SSL certificates,0.400,15,0.333,15,0.533,15,0.600,15,0.933,15,0.600,15,0.133,15,0.467,15,1.000,15,0.533,15,0.533,15,0.889,36,1.000,36
SCLC01301,Location leaks,0.444,18,0.111,18,0.500,18,0.556,18,0.778,18,0.444,18,0.056,18,0.389,18,0.944,18,0.667,18,0.389,18,1.000,24,0.958,24
SCLC01302,Friend requests,0.300,10,0.400,10,0.300,10,0.300,10,0.600,10,0.200,10,0.100,10,0.300,10,0.500,10,0.300,10,0.100,10,0.667,12,0.909,11
SCLC01401,Unique logins,0.500,2,0.000,2,1.000,2,1.000,2,1.000,2,1.000,2,0.000,2,0.000,2,1.000,2,1.000,2,0.500,2,1.000,12,0.917,12
SCLC01402,Default usernames,0.143,14,0.286,14,0.429,14,0.714,14,0.571,14,0.643,14,0.143,14,0.286,14,0.500,14,0.286,14,0.214,14,0.810,21,0.800,20
SCLC01501,Header checks,0.368,19,0.200,20,0.650,20,0.650,20,0.700,20,0.400,20,0.300,20,0.200,20,0.900,20,0.350,20,0.500,20,0.955,22,0.955,22
SCLC01502,Typos,0.389,18,0.263,19,0.737,19,0.526,19,0.737,19,0.263,19,0.211,19,0.474,19,0.789,19,0.684,19,0.316,19,0.789,19,0.889,18
SCLC01503,Domains,0.333,30,0.267,30,0.433,30,0.500,30,0.567,30,0.500,30,0.167,30,0.267,30,0.533,30,0.433,30,0.400,30,0.656,32,0.774,31
SCLC01601,General theory,0.258,31,0.226,31,0.387,31,0.290,31,0.581,31,0.258,31,0.065,31,0.226,31,0.613,31,0.258,31,0.290,31,0.585,65,0.885,61
SCLC01701,Viruses/Trojans,0.371,35,0.108,37,0.541,37,0.514,37,0.459,37,0.378,37,0.108,37,0.108,37,0.595,37,0.405,37,0.432,37,0.659,41,0.615,39
SCLC01702,Adware,0.400,10,0.500,10,0.700,10,0.600,10,0.600,10,0.600,10,0.300,10,0.200,10,0.600,10,0.200,10,0.500,10,0.800,10,0.800,10
SCLC01801,Safe browsing,0.385,13,0.308,13,0.462,13,0.538,13,0.538,13,0.385,13,0.000,13,0.000,13,0.769,13,0.538,13,0.231,13,0.812,16,0.938,16
SCLC01901,Backups & recovery,0.286,21,0.333,21,0.571,21,0.524,21,0.667,21,0.571,21,0.190,21,0.333,21,0.810,21,0.476,21,0.524,21,0.765,34,0.968,31
SCLC02001,Advanced cyber threats,0.281,32,0.281,32,0.656,32,0.469,32,0.625,32,0.500,32,0.156,32,0.312,32,0.562,32,0.438,32,0.281,32,0.500,60,0.607,56
SCLC02101,Advanced malware types,0.156,32,0.303,33,0.303,33,0.424,33,0.394,33,0.364,33,0.091,33,0.212,33,0.455,33,0.394,33,0.242,33,0.582,67,0.594,64
SCLC02201,Secure communication,0.400,30,0.300,30,0.633,30,0.767,30,0.767,30,0.600,30,0.133,30,0.200,30,0.900,30,0.567,30,0.600,30,0.886,44,0.930,43
SCLC02301,Professional perspective,0.300,40,0.175,40,0.550,40,0.550,40,0.675,40,0.575,40,0.175,40,0.225,40,0.750,40,0.450,40,0.350,40,0.691,55,0.833,54
SCLC02401,App security,0.359,39,0.333,39,0.538,39,0.615,39,0.615,39,0.410,39,0.205,39,0.205,39,0.641,39,0.410,39,0.410,39,0.789,57,0.839,56
SCLC02501,Behavioral security,0.324,37,0.216,37,0.432,37,0.432,37,0.486,37,0.324,37,0.135,37,0.189,37,0.568,37,0.432,37,0.243,37,0.745,55,0.673,52
SCLC02601,Remote/Traveling security,0.176,34,0.176,34,0.294,34,0.441,34,0.471,34,0.353,34,0.088,34,0.265,34,0.441,34,0.471,34,0.353,34,0.590,39,0.806,36
SCLC02701,Working from home,0.286,14,0.143,14,0.571,14,0.571,14,0.429,14,0.357,14,0.143,14,0.143,14,0.786,14,0.143,14,0.357,14,0.700,20,0.833,18
SCLC02801,Other,0.250,24,0.167,24,0.500,24,0.583,24,0.583,24,0.625,24,0.083,24,0.292,24,0.750,24,0.417,24,0.208,24,0.642,53,0.804,51
